{"cameraMode":{"drawMode":0,"name":"Shaded","section":"Shading Mode"},"sceneLighting":true,"audioPlay":false,"sceneViewState":{"m_AlwaysRefresh":false,"showFog":true,"showSkybox":true,"showFlares":true,"showImageEffects":true,"showParticleSystems":true,"showVisualEffectGraphs":true,"m_FxEnabled":true},"in2DMode":false,"pivot":{"x":2.455789804458618,"y":-12.499675750732422,"z":34.95242691040039},"rotation":{"x":0.20619654655456544,"y":0.04401697590947151,"z":-0.009284517727792263,"w":0.977486252784729},"size":21.629871368408204,"orthographic":false}